{
  "config": {
    "samples": 6000,
    "epochs": 200,
    "seed": 42,
    "holdout": 0.3,
    "eval_n": 60,
    "n_seen_cfgs": 42,
    "n_held_out_cfgs": 17,
    "quick": false
  },
  "results": {
    "on": {
      "seen_mae": 12.46066321618855,
      "unseen_mae": 18.14403642407235,
      "gen_gap": 5.6833732078838,
      "seen_per_config": {
        "tie34_open6": 18.536949530243874,
        "tie36_open25": 12.574803084135056,
        "tie35_open26": 9.218980558216572,
        "tie35_open28": 8.970705792307854,
        "tie36_open23": 4.97119827196002,
        "tie35_open25": 11.5003427490592,
        "tie32_open19": 10.32071653753519,
        "tie34_open2": 35.9167754650116,
        "tie33_open8": 6.643722299486399,
        "tie35_open13": 6.6294316202402115,
        "tie34_open20": 6.636935751885176,
        "tie35_open10": 5.426425952464342,
        "tie32_open1": 53.26449126005173,
        "tie36_open22": 5.352222360670567,
        "tie34_open5": 17.53375306725502,
        "tie34_open10": 10.129290632903576,
        "tie32_open4": 19.174661487340927,
        "tie35_open15": 11.134007945656776,
        "tie33_open13": 6.053237244486809,
        "tie35_open24": 19.596105441451073,
        "tie36_open24": 13.080610893666744,
        "tie32_open18": 11.564982123672962,
        "tie35_open29": 9.536880068480968,
        "tie33_open12": 6.254736799746752,
        "tie35_open27": 9.107510559260845,
        "tie35_open8": 12.63670064508915,
        "tie34_open4": 33.755335956811905,
        "tie34_open7": 15.653364360332489,
        "tie35_open11": 5.3324284963309765,
        "base": 8.737130090594292,
        "tie35_open5": 15.807531774044037,
        "tie35_open6": 12.919588945806026,
        "tie33_open11": 5.693577229976654,
        "tie35_open7": 13.577102683484554,
        "tie33_open9": 6.2098815105855465,
        "tie36_open21": 6.337995640933514,
        "tie32_open5": 16.01373963057995,
        "tie35_open30": 5.770969204604626,
        "tie35_open12": 5.173067096620798,
        "tie32_open6": 15.608078800141811,
        "tie33_open10": 5.537053104490042,
        "tie32_open17": 9.454832412302494
      },
      "unseen_per_config": {
        "tie34_open17": 13.041900470852852,
        "tie36_open4": 22.85638637840748,
        "tie34_open8": 15.405671671032906,
        "tie34_open3": 40.12185335159302,
        "tie32_open2": 32.83432498574257,
        "tie34_open9": 14.047283679246902,
        "tie34_open18": 11.151830665767193,
        "tie36_open27": 12.798836454749107,
        "tie36_open2": 30.040321871638298,
        "tie35_open9": 12.350785546004772,
        "tie36_open26": 14.55616857856512,
        "tie32_open3": 18.128948286175728,
        "tie36_open3": 21.200984716415405,
        "tie34_open19": 10.490679182112217,
        "tie35_open16": 10.862339287996292,
        "tie35_open14": 15.23351389914751,
        "tie35_open31": 13.326790183782578
      }
    },
    "off": {
      "seen_mae": 11.151954365362014,
      "unseen_mae": 18.788982127957485,
      "gen_gap": 7.637027762595471,
      "seen_per_config": {
        "tie34_open6": 15.36429300904274,
        "tie36_open25": 11.981443502008915,
        "tie35_open26": 8.796529844403267,
        "tie35_open28": 8.684922941029072,
        "tie36_open23": 4.446107428520918,
        "tie35_open25": 11.488324031233788,
        "tie32_open19": 9.515944868326187,
        "tie34_open2": 31.883131712675095,
        "tie33_open8": 5.955076776444912,
        "tie35_open13": 5.494114942848682,
        "tie34_open20": 6.180317141115665,
        "tie35_open10": 5.085707642138004,
        "tie32_open1": 47.6452112197876,
        "tie36_open22": 5.305578466504812,
        "tie34_open5": 13.957747258245945,
        "tie34_open10": 9.12792794406414,
        "tie32_open4": 16.336975619196892,
        "tie35_open15": 7.420148234814405,
        "tie33_open13": 5.341541953384876,
        "tie35_open24": 18.33406463265419,
        "tie36_open24": 13.135986402630806,
        "tie32_open18": 9.74600575864315,
        "tie35_open29": 8.565744385123253,
        "tie33_open12": 5.505838897079229,
        "tie35_open27": 8.592684753239155,
        "tie35_open8": 10.750442743301392,
        "tie34_open4": 30.619516968727112,
        "tie34_open7": 13.528208248317242,
        "tie35_open11": 4.757533315569162,
        "base": 7.93487299233675,
        "tie35_open5": 13.090047053992748,
        "tie35_open6": 10.977844707667828,
        "tie33_open11": 5.089323036372662,
        "tie35_open7": 12.540020979940891,
        "tie33_open9": 5.801837425678968,
        "tie36_open21": 6.534638814628124,
        "tie32_open5": 13.575584627687931,
        "tie35_open30": 4.955074284225702,
        "tie35_open12": 4.517769441008568,
        "tie32_open6": 14.92348499596119,
        "tie33_open10": 5.2759358659386635,
        "tie32_open17": 9.618578478693962
      },
      "unseen_per_config": {
        "tie34_open17": 13.979444280266762,
        "tie36_open4": 25.911958888173103,
        "tie34_open8": 13.399427756667137,
        "tie34_open3": 37.03080490231514,
        "tie32_open2": 31.58646449446678,
        "tie34_open9": 19.074738025665283,
        "tie34_open18": 13.277178630232811,
        "tie36_open27": 11.625529266893864,
        "tie36_open2": 33.029455691576004,
        "tie35_open9": 12.005739845335484,
        "tie36_open26": 17.176426947116852,
        "tie32_open3": 20.21346241235733,
        "tie36_open3": 21.581139415502548,
        "tie34_open19": 11.191919445991516,
        "tie35_open16": 8.660427294671535,
        "tie35_open14": 10.35027764737606,
        "tie35_open31": 19.31830123066902
      }
    }
  },
  "verdict": "Impedance edge weights IMPROVE generalization to unseen topologies: held-out voltage MAE 18.144 vs 18.789 mV/pu (3.4% lower error with weights). This supports the 'topology-aware' claim."
}