{
  "config": {
    "samples": 6000,
    "epochs": 200,
    "seeds": [
      42,
      43,
      44
    ],
    "holdout": 0.3,
    "eval_n": 60,
    "quick": false
  },
  "per_seed": [
    {
      "seed": 42,
      "n_seen_cfgs": 42,
      "n_held_out_cfgs": 17,
      "on": {
        "seen_mae": 12.14331980528576,
        "unseen_mae": 17.706204698804548,
        "gen_gap": 5.562884893518788
      },
      "off": {
        "seen_mae": 11.261918537673496,
        "unseen_mae": 18.91104970127344,
        "gen_gap": 7.649131163599945
      }
    },
    {
      "seed": 43,
      "n_seen_cfgs": 42,
      "n_held_out_cfgs": 17,
      "on": {
        "seen_mae": 11.539586087954897,
        "unseen_mae": 20.38338372264715,
        "gen_gap": 8.843797634692253
      },
      "off": {
        "seen_mae": 11.23907800675148,
        "unseen_mae": 21.233956329524517,
        "gen_gap": 9.994878322773037
      }
    },
    {
      "seed": 44,
      "n_seen_cfgs": 42,
      "n_held_out_cfgs": 17,
      "on": {
        "seen_mae": 12.068894991118993,
        "unseen_mae": 19.4556009133949,
        "gen_gap": 7.386705922275906
      },
      "off": {
        "seen_mae": 11.363279662050662,
        "unseen_mae": 19.138946745763807,
        "gen_gap": 7.775667083713145
      }
    }
  ],
  "results": {
    "on": {
      "seen_mae": 11.917266961453217,
      "seen_std": 0.2687835497146107,
      "unseen_mae": 19.1817297782822,
      "unseen_std": 1.1099777566575064,
      "gen_gap": 7.264462816828982,
      "gap_std": 1.3422132558875968
    },
    "off": {
      "seen_mae": 11.288092068825213,
      "seen_std": 0.053977174771543124,
      "unseen_mae": 19.761317592187254,
      "unseen_std": 1.0454609521646658,
      "gen_gap": 8.473225523362041,
      "gap_std": 1.0772103682618392
    }
  },
  "verdict": "Across 3 seed(s): edge weights win on held-out voltage MAE in 2/3 seeds (mean 19.182 vs 19.761 mV/pu, +2.9%, within run-to-run noise); they yield the smaller generalization gap in 3/3 seeds (mean 7.264 vs 8.473 mV/pu). The consistent gap reduction supports the topology-aware inductive bias; the held-out MAE margin should be read as directional."
}