K,edge_weights,V_r2,V_mae,V_max,th_r2,dP
1,on,0.9469987963745371,4.507629642582903,40.837764739990234,0.752709179300113,0.46405389195022173
2,on,0.9732431069543379,3.2664129011558765,40.709495544433594,0.8796387450764348,0.5286595785869864
3,on,0.9861331873831386,2.16539729484404,14.802753925323486,0.9403150722178005,0.2684808555184803
4,on,0.9875095391969415,1.9787049197187325,14.41049575805664,0.9522895645695153,0.21495938437734122
1,off,0.9471736408802152,4.521739620150942,40.64679145812988,0.7528060237000892,0.4518349474816695
2,off,0.9732967118711643,3.256974564658271,40.46511650085449,0.8800249173317002,0.4978478518635607
3,off,0.9855755746578796,2.2794190536845815,15.088677406311035,0.9405169927120409,0.27305086564499514
4,off,0.989485239261509,1.7726461622450087,14.334261417388916,0.966095152535574,0.33431413008790944
