{
  "config": {
    "samples": 500,
    "seed": 321,
    "quick": false
  },
  "results": {
    "case33bw": {
      "lindistflow": {
        "V_mae": 1.444961100281999,
        "V_r2": 0.9953438756274239
      },
      "case33bw": {
        "kind": "native",
        "V_mae": 2.5477747917175293,
        "V_r2": 0.9838450372634119
      },
      "case69": {
        "kind": "zero-shot transfer",
        "V_mae": 46.24706886392651,
        "V_r2": -4.372954183780353
      }
    },
    "case69": {
      "lindistflow": {
        "V_mae": 0.9399840497309107,
        "V_r2": 0.9952156503219042
      },
      "case33bw": {
        "kind": "zero-shot transfer",
        "V_mae": 18.84875268694283,
        "V_r2": -1.690816418372827
      },
      "case69": {
        "kind": "native",
        "V_mae": 1.8125738510187122,
        "V_r2": 0.9765953344320175
      }
    }
  }
}