{
  "config": {
    "samples": 6000,
    "epochs": 200,
    "seed": 42,
    "holdout": 0.3,
    "n_seen_cfgs": 42,
    "n_held_out_cfgs": 17,
    "quick": false
  },
  "topogeneral": {
    "seen_mae": 11.792396428063512,
    "unseen_mae": 17.817493254209268,
    "seen_per_config": {
      "tie34_open6": 16.19911380112171,
      "tie36_open25": 11.24971266835928,
      "tie35_open26": 9.633304551243782,
      "tie35_open28": 8.887086994946003,
      "tie36_open23": 4.473226610571146,
      "tie35_open25": 12.451422400772572,
      "tie32_open19": 9.7072534263134,
      "tie34_open2": 34.44918990135193,
      "tie33_open8": 6.144900340586901,
      "tie35_open13": 5.596292205154896,
      "tie34_open20": 6.265582051128149,
      "tie35_open10": 4.963109269738197,
      "tie32_open1": 52.817706018686295,
      "tie36_open22": 5.319518037140369,
      "tie34_open5": 14.936885796487331,
      "tie34_open10": 9.652975015342236,
      "tie32_open4": 18.34029145538807,
      "tie35_open15": 9.296778589487076,
      "tie33_open13": 5.49849821254611,
      "tie35_open24": 20.244063809514046,
      "tie36_open24": 12.131688185036182,
      "tie32_open18": 10.453260503709316,
      "tie35_open29": 8.92652291804552,
      "tie33_open12": 5.717986728996038,
      "tie35_open27": 8.906289003789425,
      "tie35_open8": 11.156130582094193,
      "tie34_open4": 33.231813460588455,
      "tie34_open7": 14.399328269064426,
      "tie35_open11": 4.951674025505781,
      "base": 7.61007983237505,
      "tie35_open5": 15.303288586437702,
      "tie35_open6": 11.268260888755322,
      "tie33_open11": 5.238900426775217,
      "tie35_open7": 12.261742725968361,
      "tie33_open9": 6.240663584321737,
      "tie36_open21": 7.128286175429821,
      "tie32_open5": 14.84193280339241,
      "tie35_open30": 5.8054691180586815,
      "tie35_open12": 4.772545304149389,
      "tie32_open6": 13.902162201702595,
      "tie33_open10": 5.662849172949791,
      "tie32_open17": 9.242864325642586
    },
    "unseen_per_config": {
      "tie34_open17": 12.767057865858078,
      "tie36_open4": 23.887377232313156,
      "tie34_open8": 13.99217452853918,
      "tie34_open3": 39.43837061524391,
      "tie32_open2": 30.171474441885948,
      "tie34_open9": 13.297492638230324,
      "tie34_open18": 11.621364392340183,
      "tie36_open27": 11.245123110711575,
      "tie36_open2": 31.874526292085648,
      "tie35_open9": 11.125377379357815,
      "tie36_open26": 12.47765775769949,
      "tie32_open3": 18.58178898692131,
      "tie36_open3": 22.201580926775932,
      "tie34_open19": 11.257394216954708,
      "tie35_open16": 9.774615056812763,
      "tie35_open14": 15.223137103021145,
      "tie35_open31": 13.960872776806355
    }
  },
  "single_topology": {
    "unseen_mae": 20.424851764212637,
    "unseen_per_config": {
      "tie34_open17": 11.67653314769268,
      "tie36_open4": 29.33049388229847,
      "tie34_open8": 12.027299962937832,
      "tie34_open3": 64.23981487751007,
      "tie32_open2": 46.86051607131958,
      "tie34_open9": 8.25679674744606,
      "tie34_open18": 9.370436891913414,
      "tie36_open27": 13.719042763113976,
      "tie36_open2": 35.17523780465126,
      "tie35_open9": 13.06084729731083,
      "tie36_open26": 14.39743023365736,
      "tie32_open3": 35.276539623737335,
      "tie36_open3": 30.846748501062393,
      "tie34_open19": 8.661020547151566,
      "tie35_open16": 4.229689482599497,
      "tie35_open14": 5.670578218996525,
      "tie35_open31": 4.423453938215971
    }
  }
}